[
  {
    "first_name": "Thomas",
    "middle_name": "Andrew",
    "last_name": "Peterson",
    "second_last_name": "Smith",
    "uuidv4": "ed9a2326-3f05-4a4f-80e8-81457275ff7f",
    "egmail": "thomas@gmail.com"
  },
  {
    "first_name": "Jeremy",
    "middle_name": "Francis",
    "last_name": "Robinson",
    "second_last_name": null,
    "uuidv4": "68404405-5c4c-44c1-887c-9c4aa9e51fa5",
    "egmail": "j.f.robinson68@gmail.com"
  },
  {
    "first_name": "Ethan",
    "middle_name": "Michael",
    "last_name": "Phillips",
    "second_last_name": "Johnson",
    "uuidv4": "71cf87e8-d60e-4b62-8a5d-2c223489a972",
    "egmail": "e_m_phillips@gmail.com"
  },
  {
    "first_name": "Rebecca",
    "middle_name": "Ann",
    "last_name": "Johnson",
    "second_last_name": "Harris",
    "uuidv4": "168abeee-61bd-45e7-8fdc-b64661361a04",
    "egmail": "rebecca_johnson@aol.com"
  },
  {
    "first_name": "Alyssa",
    "middle_name": "Anne",
    "last_name": "Bennett",
    "second_last_name": null,
    "uuidv4": "b0604e03-53c5-47fb-b554-50f59e984707",
    "egmail": "a.a@gmail.com"
  },
  {
    "first_name": "Richard",
    "middle_name": "Lee",
    "last_name": "Russell",
    "uuidv4": "fd472cea-58ae-4620-a9da-efe412aebf9c",
    "egmail": "r.l.russell@gmail.com"
  },
  {
    "first_name": "John",
    "last_name": "White",
    "second_last_name": "Brown",
    "uuidv4": "ebd1466b-4ca9-4e86-ba86-10940fb8355c",
    "egmail": "john.g.white@gmail.com"
  },
  {
    "first_name": "Victoria",
    "middle_name": "Lynn",
    "last_name": "Baker",
    "uuidv4": "48e23fac-5a6b-4b45-8724-790a266e8023",
    "egmail": "v_l_baker@gmail.com"
  },
  {
    "first_name": "Kayla",
    "middle_name": "Marie",
    "last_name": "Coleman",
    "uuidv4": "2fb78259-c006-4a0e-86fd-1c5416f15b9c",
    "egmail": "kaylam@gmail.com"
  },
  {
    "first_name": "Megan",
    "middle_name": "Grace",
    "last_name": "Thomas",
    "uuidv4": "6d021482-0069-4114-9b90-ac2a58290f54",
    "egmail": "m_g@gmail.com"
  },
  {
    "first_name": "Nathan",
    "middle_name": "Eugene",
    "last_name": "Gonzales",
    "uuidv4": "9430cb43-1d14-4834-800a-2a7084d778f6",
    "egmail": "ne8@gmail.com"
  },
  {
    "first_name": "Lauren",
    "middle_name": "Dawn",
    "last_name": "Evans",
    "uuidv4": "e953d145-6ffe-4e1a-9c47-d795acfe7217",
    "egmail": "laurenevans@gmail.com"
  },
  {
    "first_name": "Victoria",
    "middle_name": "Mae",
    "last_name": "Patterson",
    "uuidv4": "33bed4a5-09c7-41a4-9074-b3935a68fe58",
    "egmail": "victoriampatterson@gmail.com"
  },
  {
    "first_name": "Elizabeth",
    "middle_name": "Louise",
    "last_name": "Washington",
    "uuidv4": "ba1e9bcc-04d3-44ed-82c4-462881714232",
    "egmail": "e_l_washington@gmail.com"
  },
  {
    "first_name": "Benjamin",
    "middle_name": "William",
    "last_name": "Williams",
    "uuidv4": "d8de6507-82dd-423c-b03e-f53bb5cdf2bc",
    "egmail": "benjaminwilliams@gmail.com"
  },
  {
    "first_name": "Richard",
    "middle_name": "Joseph",
    "last_name": "Walker",
    "uuidv4": "91e55684-93f7-4360-a7bf-785204ba9ae6",
    "egmail": "richard_joseph_walker4@gmail.com"
  },
  {
    "first_name": "Emma",
    "middle_name": "Kay",
    "last_name": "Howard",
    "uuidv4": "e4c1bff7-4c4b-4072-a3e1-b4bc085744a2",
    "egmail": "ehoward@aol.com"
  },
  {
    "first_name": "Jessica",
    "middle_name": "Grace",
    "last_name": "Moore",
    "uuidv4": "de4fe0ff-c03d-491e-9d3c-4c7b6b247323",
    "egmail": "jessica_grace_moore@aol.com"
  },
  {
    "first_name": "Dylan",
    "middle_name": "Edward",
    "last_name": "Davis",
    "uuidv4": "5d09da47-7d8f-446c-95ce-ef81668af7d3",
    "egmail": "de11@aol.com"
  },
  {
    "first_name": "Aaron",
    "middle_name": "Edward",
    "last_name": "Hughes",
    "uuidv4": "5c31130d-c776-4aed-aee7-9b8f204ca873",
    "egmail": "aehughes@gmail.com"
  },
  {
    "first_name": "Ava",
    "middle_name": "Kay",
    "last_name": "Scott",
    "uuidv4": "012d3c2d-2a9b-4a18-ae7f-824948621a0f",
    "egmail": "ava.k@gmail.com"
  },
  {
    "first_name": "Sara",
    "middle_name": "Sue",
    "last_name": "Mitchell",
    "uuidv4": "b4e63c73-0100-4901-8df0-ca1b0ae7dd77",
    "egmail": "s.mitchell@aol.com"
  },
  {
    "first_name": "Jonathan",
    "middle_name": "Thomas",
    "last_name": "Harris",
    "uuidv4": "b2876393-9777-4418-9cea-bb22e5d4a8e8",
    "egmail": "jonathan_harris@aol.com"
  },
  {
    "first_name": "Isabella",
    "middle_name": "Ann",
    "last_name": "Hill",
    "uuidv4": "072bb02e-e0b7-4732-82a8-dbddd12edd0d",
    "egmail": "isabella.hill@gmail.com"
  },
  {
    "first_name": "Grace",
    "middle_name": "Sue",
    "last_name": "Ross",
    "uuidv4": "2c32355c-b703-445f-a843-3744db09b5f3",
    "egmail": "gracesueross@aol.com"
  },
  {
    "first_name": "Emma",
    "middle_name": "May",
    "last_name": "Brown",
    "uuidv4": "0b01e4e5-3db0-41a3-9552-432e3e40dbf4",
    "egmail": "em@gmail.com"
  },
  {
    "first_name": "Olivia",
    "middle_name": "Renee",
    "last_name": "Anderson",
    "uuidv4": "85908c2f-c5fb-406e-8281-bfd2b88ecd71",
    "egmail": "o.anderson@aol.com"
  },
  {
    "first_name": "Victoria",
    "middle_name": "Lynn",
    "last_name": "Gonzales",
    "uuidv4": "1ce30878-6d7f-474c-a16e-40da2cb788db",
    "egmail": "victoria_gonzales@gmail.com"
  },
  {
    "first_name": "Stephen",
    "middle_name": "Alexander",
    "last_name": "Flores",
    "uuidv4": "eb9778db-d973-40b5-b596-86d56b87acfd",
    "egmail": "s_a@gmail.com"
  },
  {
    "first_name": "John",
    "middle_name": "Michael",
    "last_name": "Cook",
    "uuidv4": "ffe99e7f-ffac-4a6b-9a59-7736a72c6e92",
    "egmail": "john48@gmail.com"
  },
  {
    "first_name": "Richard",
    "middle_name": "Lee",
    "last_name": "King",
    "uuidv4": "d0186961-36a1-4109-886d-f9a15c40fcef",
    "egmail": "r_l_king58@aol.com"
  },
  {
    "first_name": "Robert",
    "middle_name": "John",
    "last_name": "Gonzales",
    "uuidv4": "10adae57-6c58-43f7-8d9f-35aa1cdbcc9d",
    "egmail": "r.gonzales@gmail.com"
  },
  {
    "first_name": "Amber",
    "middle_name": "Ann",
    "last_name": "Brooks",
    "uuidv4": "116303e1-979e-49c2-b359-932a31ed59f9",
    "egmail": "a.brooks17@outlook.com"
  },
  {
    "first_name": "Julian",
    "middle_name": "Scott",
    "last_name": "Rogers",
    "uuidv4": "cb41ff47-3b92-4a0d-8d80-178f51068ac5",
    "egmail": "j_rogers4@gmail.com"
  },
  {
    "first_name": "Aiden",
    "middle_name": "Edward",
    "last_name": "Hall",
    "uuidv4": "73cbd1f5-90b6-4962-9186-d250895e4eea",
    "egmail": "a_e_hall76@gmail.com"
  },
  {
    "first_name": "Samantha",
    "middle_name": "Mae",
    "last_name": "Foster",
    "uuidv4": "ba2fe333-a9f1-4aa2-8ed5-2a6639d58571",
    "egmail": "s.foster64@gmail.com"
  },
  {
    "first_name": "Richard",
    "middle_name": "Michael",
    "last_name": "Clark",
    "uuidv4": "ca15da84-cdd9-42c3-a68b-ed9012cda481",
    "egmail": "richardmclark@aol.com"
  },
  {
    "first_name": "Mateo",
    "middle_name": "Michael",
    "last_name": "Rogers",
    "uuidv4": "37e1ad9f-c79a-4a55-bbc1-d8ae2edc556a",
    "egmail": "m_rogers90@gmail.com"
  },
  {
    "first_name": "Anna",
    "middle_name": "Kay",
    "last_name": "Johnson",
    "uuidv4": "ce411498-4d3c-48d2-9cdf-3ef39b1cb398",
    "egmail": "a.k.johnson@gmail.com"
  },
  {
    "first_name": "Benjamin",
    "middle_name": "Charles",
    "last_name": "Kelly",
    "uuidv4": "8e422f8e-6c41-4bae-8e7e-0cc399f8c6ed",
    "egmail": "b_kelly@gmail.com"
  },
  {
    "first_name": "Nathan",
    "middle_name": "Thomas",
    "last_name": "Peterson",
    "uuidv4": "435a8c47-1d41-4b8e-a278-a9f978e2abd4",
    "egmail": "n_peterson23@gmail.com"
  },
  {
    "first_name": "John",
    "middle_name": "Wayne",
    "last_name": "Powell",
    "uuidv4": "461da335-52dd-4d50-a4e1-8bd845167b59",
    "egmail": "john_powell@gmail.com"
  },
  {
    "first_name": "Michael",
    "middle_name": "David",
    "last_name": "Jackson",
    "uuidv4": "9ab4ac45-3ee0-4c0a-8a8c-8b25b05a9688",
    "egmail": "mjackson@gmail.com"
  },
  {
    "first_name": "Maria",
    "middle_name": "Nicole",
    "last_name": "Hall",
    "uuidv4": "9774563b-46f3-4783-84ef-007ea7d8fc0a",
    "egmail": "mariahall@gmail.com"
  },
  {
    "first_name": "Kyle",
    "middle_name": "Edward",
    "last_name": "Miller",
    "uuidv4": "70632ffc-b414-4c26-b90b-c6ec1a1f67a0",
    "egmail": "kyleemiller@gmail.com"
  },
  {
    "first_name": "Aubrey",
    "middle_name": "Nicole",
    "last_name": "Martinez",
    "uuidv4": "a12b8bf4-8836-48a2-918a-fb31f5fe92b9",
    "egmail": "aubrey.n.martinez@gmail.com"
  },
  {
    "first_name": "Michelle",
    "middle_name": "Ruth",
    "last_name": "Patterson",
    "uuidv4": "8427bafd-6caf-4580-86fd-3b843712a0cf",
    "egmail": "mrpatterson@gmail.com"
  },
  {
    "first_name": "Christopher",
    "middle_name": "William",
    "last_name": "Jackson",
    "uuidv4": "1e81050b-ea14-4b32-92f4-5a0112938631",
    "egmail": "christopher.jackson@outlook.com"
  },
  {
    "first_name": "Henry",
    "middle_name": "Michael",
    "last_name": "Diaz",
    "uuidv4": "a96cfabc-1a8b-432d-a97e-c91667a874ab",
    "egmail": "henry_m@outlook.com"
  },
  {
    "first_name": "Isabella",
    "middle_name": "Dawn",
    "last_name": "Sanders",
    "uuidv4": "b3591b4c-dba4-4e50-9c96-c4a540426644",
    "egmail": "isanders@gmail.com"
  },
  {
    "first_name": "Henry",
    "middle_name": "Robert",
    "last_name": "Parker",
    "uuidv4": "bf21cafb-a003-4bf1-abcb-d9e54545abc7",
    "egmail": "h.parker@gmail.com"
  },
  {
    "first_name": "Ryan",
    "middle_name": "Michael",
    "last_name": "Gonzales",
    "uuidv4": "97bfaed2-3057-405c-9377-3b555940fece",
    "egmail": "ryan_gonzales@outlook.com"
  },
  {
    "first_name": "Kevin",
    "middle_name": "Edward",
    "last_name": "Jenkins",
    "uuidv4": "6ed474c2-4cd8-41b0-bf7b-900efe4c759f",
    "egmail": "kevin_jenkins@outlook.com"
  },
  {
    "first_name": "Grace",
    "middle_name": "Faith",
    "last_name": "Watson",
    "uuidv4": "83c5baff-a21f-499a-a445-9dbd61d808b5",
    "egmail": "g.f.watson@gmail.com"
  },
  {
    "first_name": "Jessica",
    "middle_name": "Mae",
    "last_name": "Clark",
    "uuidv4": "6b8ee4b4-bca3-4b72-853f-3b1156fc5c82",
    "egmail": "jessicamaeclark@gmail.com"
  },
  {
    "first_name": "Michelle",
    "middle_name": "Dawn",
    "last_name": "Bennett",
    "uuidv4": "746ca862-d195-44bf-9dbb-314169a10529",
    "egmail": "michelle.d.bennett@gmail.com"
  },
  {
    "first_name": "Richard",
    "middle_name": "Wayne",
    "last_name": "Phillips",
    "uuidv4": "a3efda7a-af82-4520-863c-a208a5e26757",
    "egmail": "r.phillips34@aol.com"
  },
  {
    "first_name": "Jonathan",
    "middle_name": "Henry",
    "last_name": "Martin",
    "uuidv4": "2b3f35ae-66ab-4967-84b2-313f58337eaa",
    "egmail": "j_h@aol.com"
  },
  {
    "first_name": "Amelia",
    "middle_name": "Anne",
    "last_name": "Lewis",
    "uuidv4": "1c280a3d-57d6-4464-8c90-36d3913d2ede",
    "egmail": "a_a_lewis@gmail.com"
  },
  {
    "first_name": "James",
    "middle_name": "Joseph",
    "last_name": "Scott",
    "uuidv4": "1ff66cba-b104-4d9a-9b39-7e13d2848a24",
    "egmail": "james.joseph.scott@gmail.com"
  },
  {
    "first_name": "Tyler",
    "middle_name": "Charles",
    "last_name": "Collins",
    "uuidv4": "7c19580b-0b72-44fa-a4af-938a5620e2b4",
    "egmail": "tyler.c.collins@gmail.com"
  },
  {
    "first_name": "Emily",
    "middle_name": "Rose",
    "last_name": "Campbell",
    "uuidv4": "6bb4bd23-6489-44e2-9397-b33a34ca5a5b",
    "egmail": "emily.r.campbell@gmail.com"
  },
  {
    "first_name": "Nicholas",
    "middle_name": "Alexander",
    "last_name": "Young",
    "uuidv4": "824f8c74-e414-4a8b-89cc-577f17310ad3",
    "egmail": "nicholas_alexander_young@outlook.com"
  },
  {
    "first_name": "Amanda",
    "middle_name": "Sue",
    "last_name": "Reed",
    "uuidv4": "94c73465-d687-4bdb-b5f1-1128d40c3e66",
    "egmail": "a.reed78@gmail.com"
  },
  {
    "first_name": "Emma",
    "middle_name": "Mary",
    "last_name": "Wood",
    "uuidv4": "d359ae84-3445-41ed-89e2-362b977de43f",
    "egmail": "emmawood@gmail.com"
  },
  {
    "first_name": "Jeremy",
    "middle_name": "Lee",
    "last_name": "Lopez",
    "uuidv4": "bf1b892d-ab19-4bd4-b0a2-30f3ff1c3f10",
    "egmail": "j.lopez3@gmail.com"
  },
  {
    "first_name": "Nathan",
    "middle_name": "David",
    "last_name": "Brown",
    "uuidv4": "86870551-77ec-4e1d-8abc-54f05149b2ae",
    "egmail": "nathanbrown@gmail.com"
  },
  {
    "first_name": "Natalie",
    "middle_name": "Elizabeth",
    "last_name": "White",
    "uuidv4": "bc65dfc2-f4fd-4256-b638-c1f42c81380b",
    "egmail": "natalie_white@gmail.com"
  },
  {
    "first_name": "Courtney",
    "middle_name": "Lee",
    "last_name": "Baker",
    "uuidv4": "4658ec05-53fe-43d1-8805-72c4301a8695",
    "egmail": "courtney_lee_baker@gmail.com"
  },
  {
    "first_name": "Mark",
    "middle_name": "Thomas",
    "last_name": "Watson",
    "uuidv4": "7d72b715-b7bd-4d57-9e61-b4485bc292ef",
    "egmail": "mark_t_watson65@gmail.com"
  },
  {
    "first_name": "Kimberly",
    "middle_name": "Faith",
    "last_name": "Wood",
    "uuidv4": "855f78a2-dde2-4555-bc5d-bfb933a41fac",
    "egmail": "kwood@aol.com"
  },
  {
    "first_name": "Dylan",
    "middle_name": "Alan",
    "last_name": "Cox",
    "uuidv4": "bf8a2277-1988-4cca-97e8-5f33eb4dbb25",
    "egmail": "dylan.alan.cox@gmail.com"
  },
  {
    "first_name": "Mark",
    "middle_name": "Wayne",
    "last_name": "Henderson",
    "uuidv4": "6252a625-f008-4b69-8819-4e2982ab0630",
    "egmail": "mark.wayne.henderson81@gmail.com"
  },
  {
    "first_name": "Eleanor",
    "middle_name": "May",
    "last_name": "King",
    "uuidv4": "b08fbc79-21bc-4e8c-a793-375c48e85205",
    "egmail": "eking@gmail.com"
  },
  {
    "first_name": "Alexander",
    "middle_name": "Scott",
    "last_name": "Rivera",
    "uuidv4": "b8a2842f-b4bc-4eb9-b00a-47a7d7ecdfb9",
    "egmail": "alexander.rivera@gmail.com"
  },
  {
    "first_name": "Michael",
    "middle_name": "Eugene",
    "last_name": "Perry",
    "uuidv4": "1295a28d-0d0e-4791-9608-267568a91ee3",
    "egmail": "mperry@gmail.com"
  },
  {
    "first_name": "Samuel",
    "middle_name": "Anthony",
    "last_name": "Adams",
    "uuidv4": "84af2898-bc43-4f07-8b8b-fb963917ecbc",
    "egmail": "samuel@aol.com"
  },
  {
    "first_name": "Nathan",
    "middle_name": "John",
    "last_name": "Hughes",
    "uuidv4": "ef8dc836-0d5c-4738-ace7-76b127aea446",
    "egmail": "nathan_hughes@gmail.com"
  },
  {
    "first_name": "Audrey",
    "middle_name": "Grace",
    "last_name": "Howard",
    "uuidv4": "c85167e1-c020-4fb9-a279-cb338c5b5be4",
    "egmail": "a.g@gmail.com"
  },
  {
    "first_name": "Anna",
    "middle_name": "Sue",
    "last_name": "James",
    "uuidv4": "2c470f76-e66b-43c1-884a-fa71da7a73ae",
    "egmail": "annajames41@gmail.com"
  },
  {
    "first_name": "Daniel",
    "middle_name": "Joseph",
    "last_name": "Green",
    "uuidv4": "13c98448-5d7e-4c8c-b0b0-766097f1cee0",
    "egmail": "daniel@gmail.com"
  },
  {
    "first_name": "Emily",
    "middle_name": "Irene",
    "last_name": "Lee",
    "uuidv4": "e5ec4b89-9ab7-4e7a-94ef-7670c16043ec",
    "egmail": "emilylee97@gmail.com"
  },
  {
    "first_name": "Charles",
    "middle_name": "Joseph",
    "last_name": "White",
    "uuidv4": "3d7b4ca8-2978-4fd6-85e5-c3c256e607d9",
    "egmail": "c.white39@gmail.com"
  },
  {
    "first_name": "Matthew",
    "middle_name": "Anthony",
    "last_name": "Green",
    "uuidv4": "8965cc7c-6b98-4623-a54e-b88ea1fc814d",
    "egmail": "matthewagreen56@aol.com"
  },
  {
    "first_name": "Christina",
    "middle_name": "Anne",
    "last_name": "Anderson",
    "uuidv4": "fc910457-6533-41d8-9639-fd3756f5b980",
    "egmail": "caanderson51@gmail.com"
  },
  {
    "first_name": "Aiden",
    "middle_name": "Allen",
    "last_name": "Washington",
    "uuidv4": "7408be49-5a56-475e-8f31-b4c81169f752",
    "egmail": "awashington@gmail.com"
  },
  {
    "first_name": "Melissa",
    "middle_name": "Sue",
    "last_name": "Flores",
    "uuidv4": "856a7819-014a-446a-8aab-e7d97fe53007",
    "egmail": "m.flores@gmail.com"
  },
  {
    "first_name": "Benjamin",
    "middle_name": "Richard",
    "last_name": "Jenkins",
    "uuidv4": "db12de88-d141-4098-97f5-52d2f3b9f185",
    "egmail": "b_r_jenkins18@outlook.com"
  },
  {
    "first_name": "Eleanor",
    "middle_name": "Lynn",
    "last_name": "Henderson",
    "uuidv4": "9886d45d-91a4-4919-b5c4-4acf08817059",
    "egmail": "eleanor_lynn_henderson@gmail.com"
  },
  {
    "first_name": "Brian",
    "middle_name": "Alexander",
    "last_name": "Price",
    "uuidv4": "5a92c414-154b-485c-8bb8-cf34a21de1be",
    "egmail": "ba@gmail.com"
  },
  {
    "first_name": "Anthony",
    "middle_name": "Edward",
    "last_name": "Powell",
    "uuidv4": "63c824c8-b7a6-44b5-9c2e-838d863a5bc4",
    "egmail": "a.powell@outlook.com"
  },
  {
    "first_name": "Mateo",
    "middle_name": "David",
    "last_name": "Richardson",
    "uuidv4": "fe6c8331-5945-49d3-ae8a-45b4631de4b0",
    "egmail": "mateo.richardson@gmail.com"
  },
  {
    "first_name": "Jeremy",
    "middle_name": "Joseph",
    "last_name": "Morgan",
    "uuidv4": "08f0c316-2af1-489d-a272-a421f73a5dd8",
    "egmail": "jmorgan@gmail.com"
  },
  {
    "first_name": "Christina",
    "middle_name": "Ann",
    "last_name": "Young",
    "uuidv4": "9d4081cb-9d1c-491a-88f3-61772e260b26",
    "egmail": "cyoung@gmail.com"
  },
  {
    "first_name": "Steven",
    "middle_name": "Joseph",
    "last_name": "Baker",
    "uuidv4": "4126fada-17cb-4bef-bd31-09ba137d2932",
    "egmail": "steven_j@gmail.com"
  },
  {
    "first_name": "Sara",
    "middle_name": "Ann",
    "last_name": "Coleman",
    "uuidv4": "458b1ac3-c44f-4a33-844b-5f9dfe18af49",
    "egmail": "saraanncoleman@outlook.com"
  },
  {
    "first_name": "Kayla",
    "middle_name": "Lynn",
    "last_name": "Alexander",
    "uuidv4": "0256260e-f9bc-41d8-b3ca-49b7004b9fd2",
    "egmail": "kaylalalexander87@gmail.com"
  },
  {
    "first_name": "Mateo",
    "middle_name": "Matthew",
    "last_name": "Stewart",
    "uuidv4": "52006d6f-b3e4-478b-b47c-15df8be553fa",
    "egmail": "mateo_matthew_stewart@gmail.com"
  },
  {
    "first_name": "Steven",
    "middle_name": "Joseph",
    "last_name": "Sanchez",
    "uuidv4": "03566fb6-6060-4ef1-9d70-df13c79e4054",
    "egmail": "s.sanchez75@gmail.com"
  },
  {
    "first_name": "Tiffany",
    "middle_name": "Michelle",
    "last_name": "Rodriguez",
    "uuidv4": "9d5d2d20-f33b-4725-af51-9f7659443fe9",
    "egmail": "t.rodriguez@gmail.com"
  }
]
