-- Insertando en la tabla de Empleado
insert into empleado(primerNombre, segundoNombre, apellidoPaterno, apellidoMaterno, idGoogleAuth, googleEmail, googleProfilePicture)
values
('Saúl', 'Carmen', 'Armendáriz', NULL, 0xdba6a8c07b84449894cc524f047b42e1, 'saúl.armendáriz@gmail.com', 'https://images.unsplash.com/photo-1539571696357-5a69c17a67c6?ixlib=rb-4.0.3&ixid=MnwxMjA3fDB8MHxwaG90by1wYWdlfHx8fGVufDB8fHx8&auto=format&fit=crop&w=687&q=80'), 
('Micaela', 'Ivanna', 'Acosta', NULL, 0x26e98e8aee12416a842d05cba4ea2454, 'micaela.acosta@gmail.com', 'https://images.unsplash.com/photo-1517841905240-472988babdf9?ixlib=rb-4.0.3&ixid=MnwxMjA3fDB8MHxwaG90by1wYWdlfHx8fGVufDB8fHx8&auto=format&fit=crop&w=687&q=80'),
('Reina', NULL, 'Olivera', 'Montaño', 0x043128a38b7e4e488945afc64134796e, 'reina.olivera@gmail.com', NULL),
('Alicia', NULL, 'Corrales', NULL, 0x2ae9aed35f5b488d8f2dd7cfb8aa7e1e, 'alicia.corrales@gmail.com', 'https://images.unsplash.com/photo-1494790108377-be9c29b29330?ixlib=rb-4.0.3&ixid=MnwxMjA3fDB8MHxwaG90by1wYWdlfHx8fGVufDB8fHx8&auto=format&fit=crop&w=687&q=80'), 
('Juan Manuel', 'Jerónimo', 'Riojas', NULL, 0x6d11115f1b3144adb5e2e12489209424, 'juan manuel.riojas@gmail.com', NULL),
('Dolores', 'Ángel Daniel', 'Velázquez', 'Salcedo', 0x2e0806fafacc43d69b65ac68d432d01a, 'dolores.velázquez@gmail.com', NULL),
('Berta', 'María de los Ángeles', 'Malave', 'Márquez', 0x50d56b9188544ebc8a96564aef938bcb, 'berta.malave@gmail.com', NULL),
('Manuela', NULL, 'Serrato', 'Kyra', 0x288459f41939430abcc6a962d84f02db, 'manuela.serrato@gmail.com', NULL),
('Francisco Javier', 'Yolanda', 'Menchaca', 'Aparicio', 0x314b8c27b6734f218a76895bf07c9baf, 'francisco javier.menchaca@gmail.com', NULL),
('Manuel', 'Israel', 'Arevalo', NULL, 0x485b3fbdf10743c0b0054d21297322f2, 'manuel.arevalo@gmail.com', NULL),
('José Emilio', 'Lourdes', 'Krasnova', 'Cordero', 0xeeb78b5378684fb4b80ca9f5b261b26e, 'josé emilio.krasnova@gmail.com', NULL),
('Santiago', 'Manuela', 'Casillas', NULL, 0xd5e277fcb25f492285ce59ff7eb90ebf, 'santiago.casillas@gmail.com', NULL),
('Jennifer', NULL, 'Montemayor', NULL, 0x2d183d2c0f66468aa41973b1cbfa6ae3, 'jennifer.montemayor@gmail.com', NULL),
('Manuel', 'Ramona', 'Pagan', NULL, 0x761c94851e564335b2e9f922a9b1dc2f, 'manuel.pagan@gmail.com', NULL),
('Alfredo', 'José Eduardo', 'Vigil', 'Acuña', 0xc0889a4516ec45c78a7ad5af8aeb5ec6, 'alfredo.vigil@gmail.com', 'https://images.unsplash.com/photo-1488161628813-04466f872be2?ixlib=rb-4.0.3&ixid=MnwxMjA3fDB8MHxwaG90by1wYWdlfHx8fGVufDB8fHx8&auto=format&fit=crop&w=764&q=80'),
('Germán', NULL, 'Villarreal', NULL, 0xa24e5ea89481468eb14ef78e4d65454d, 'germán.villarreal@gmail.com', 'https://images.unsplash.com/photo-1507003211169-0a1dd7228f2d?ixlib=rb-4.0.3&ixid=MnwxMjA3fDB8MHxwaG90by1wYWdlfHx8fGVufDB8fHx8&auto=format&fit=crop&w=687&q=80'),
('Ximena', 'Victor Manuel', 'Maldonado', 'Canales', 0x53b4c2f78f6a439f88182dd839293ec0, 'ximena.maldonado@gmail.com', NULL),
('Yolanda', NULL, 'Abrego', 'Solorzano', 0xbe99d323a5e3409f8dc252583f8bf21b, 'yolanda.abrego@gmail.com', NULL),
('Federico', 'Lorenzo', 'Beltrán', 'Covarrubias', 0x356a9ff0bea348649f8be2d39efde866, 'federico.beltrán@gmail.com', NULL),
('Eduardo', NULL, 'Agosto', 'Palomo', 0x941d3eb568a24ad59e698b311f3cfb82, 'eduardo.agosto@gmail.com', NULL), 
('Patricio', 'Berta', 'Garica', 'Casares', 0x1fd0bb7829754a2d95e6c0c098bba4d0, 'patricio.garica@gmail.com', NULL), 
('Jorge Luis', 'Mariano', 'Gastélum', 'Espinal', 0xae5b6389f4764c0db44cacba808ec9a8, 'jorge luis.gastélum@gmail.com', 'https://images.unsplash.com/photo-1501196354995-cbb51c65aaea?ixlib=rb-4.0.3&ixid=MnwxMjA3fDB8MHxwaG90by1wYWdlfHx8fGVufDB8fHx8&auto=format&fit=crop&w=1171&q=80'),
('Pedro', 'Maricarmen', 'Contreras', 'Mota', 0x86bfd67b082a4983b55c29df50e42a36, 'pedro.contreras@gmail.com', NULL),
('Marcos', 'Jose Daniel', 'Balderas', 'Mateo', 0xbeb8b06427404ad58ab1e85754103f91, 'marcos.balderas@gmail.com', 'https://images.unsplash.com/photo-1463453091185-61582044d556?ixlib=rb-4.0.3&ixid=MnwxMjA3fDB8MHxwaG90by1wYWdlfHx8fGVufDB8fHx8&auto=format&fit=crop&w=1170&q=80'),
('Juan Carlos', NULL, 'Santillán', NULL, 0x5fa51fcc5f5941de984cf1aebd2be6e8, 'juan carlos.santillán@gmail.com', NULL),
('Germán', 'Esteban', 'Salinas', NULL, 0x855af815a12548e9afc46d5e76d47be7, 'germán.salinas@gmail.com', NULL),
('Ana María', 'Florencia', 'Montalvo', 'Vázquez', 0xf5560c3193f1467f96d904991d5d8f9c, 'ana maría.montalvo@gmail.com', 'https://images.unsplash.com/photo-1488426862026-3ee34a7d66df?ixlib=rb-4.0.3&ixid=MnwxMjA3fDB8MHxwaG90by1wYWdlfHx8fGVufDB8fHx8&auto=format&fit=crop&w=687&q=80'),
('David', NULL, 'Vaca', NULL, 0x0dd5d7250ac24d068d88d9ed7a500bee, 'david.vaca@gmail.com', 'https://images.unsplash.com/photo-1492567291473-fe3dfc175b45?ixlib=rb-4.0.3&ixid=MnwxMjA3fDB8MHxwaG90by1wYWdlfHx8fGVufDB8fHx8&auto=format&fit=crop&w=684&q=80'),
('David', 'Mariano', 'Ramón', 'Baca', 0x5579274d8fc74d94ae660eb52bd28f38, 'david.ramón@gmail.com', NULL),
('Ernesto', 'Rosalia', 'Cotto', 'Arteaga', 0x30225b9c306647e49a11b5aa39d6b90e, 'ernesto.cotto@gmail.com', 'https://images.unsplash.com/photo-1537511446984-935f663eb1f4?ixlib=rb-4.0.3&ixid=MnwxMjA3fDB8MHxwaG90by1wYWdlfHx8fGVufDB8fHx8&auto=format&fit=crop&w=1170&q=80'),
('Nicolás', 'José Luis', 'Mesa', 'Trejo', 0x31bea5e51e7e4aef95e151c91bfa2d2d, 'nicolás.mesa@gmail.com', NULL),
('Leonardo', NULL, 'Acevedo', NULL, 0x999ec79fe8d04d1592d556b351c18bb2, 'leonardo.acevedo@gmail.com', NULL),
('Hugo', NULL, 'Batista', NULL, 0xcfad81e9330f406da0c73706549e44a2, 'hugo.batista@gmail.com', NULL),
('Catalina', 'Juan Carlos', 'Quintana', 'Varela', 0xa117d3fdd64549c1b8631be87790e5d6, 'catalina.quintana@gmail.com', NULL),
('Ricardo', NULL, 'Rincón', 'Luna', 0xe1f5799660614961a2a564819964332d, 'ricardo.rincón@gmail.com', NULL),
('Virginia', NULL, 'Ledesma', 'Figueroa', 0xeab66bc042e547a3a58ef1dfe88c0eed, 'virginia.ledesma@gmail.com', 'https://images.unsplash.com/photo-1492446845049-9c50cc313f00?ixlib=rb-4.0.3&ixid=MnwxMjA3fDB8MHxwaG90by1wYWdlfHx8fGVufDB8fHx8&auto=format&fit=crop&w=687&q=80'),
('Alfonso', 'Manuela', 'Zepeda', 'Lucero', 0x38a14b57dd094675bc5cf886102f1ae1, 'alfonso.zepeda@gmail.com', NULL),
('Saúl', 'Esperanza', 'Caraballo', NULL, 0xad05b7dae93245e2bd39314063738947, 'saúl.caraballo@gmail.com', NULL), 
('José Miguel', 'Guillermo', 'Rosas', NULL, 0x36739f88015d4742a8312cbbad241051, 'josé miguel.rosas@gmail.com', NULL),
('Manuela', 'Bernardo', 'Bahena', NULL, 0x5c80014060684bec8dc4ee5164bfecc4, 'manuela.bahena@gmail.com', NULL),
('Concepción', 'Lucia', 'Balderas', 'Delarosa', 0x7b12920f116a4bacbc64e98300757ce4, 'concepción.balderas@gmail.com', 'https://images.unsplash.com/photo-1580489944761-15a19d654956?ixlib=rb-4.0.3&ixid=MnwxMjA3fDB8MHxwaG90by1wYWdlfHx8fGVufDB8fHx8&auto=format&fit=crop&w=761&q=80'),
('Soledad', 'Liliana', 'Gurule', 'Preciado', 0x2c5ebacd36344d9c80b5da77ca262b1c, 'soledad.gurule@gmail.com', NULL),
('Rosa María', NULL, 'Delgado', 'Ceballos', 0x1fd1ad4254b9453cac26030bef6bb1f0, 'rosa maría.delgado@gmail.com', NULL),
('Leticia', NULL, 'Curiel', 'Vaca', 0x8ffa3d9284da4cb2ab4ad77313c3d4e4, 'leticia.curiel@gmail.com', NULL),
('Federico', 'Ana Victoria', 'Rentería', 'Cardenas', 0x4fbd61df38454068a4801348906985dc, 'federico.rentería@gmail.com', NULL),
('Ivanna', 'Erick', 'Mendoza', NULL, 0xe9bc8aed2c29466fb79d9aed112aea54, 'ivanna.mendoza@gmail.com', NULL),
('Juan', NULL, 'Agosto', 'Murillo', 0xe2a4878d03aa46c19e7e3dc0d317db52, 'juan.agosto@gmail.com', NULL),
('David', 'José Miguel', 'Karam', 'Atencio', 0x2aab4a236bdc4aad913d6c30a72c17c8, 'david.karam@gmail.com', NULL),
('Fernando', 'Damián', 'Nevárez', NULL, 0xa0be3009aebf44ce857573d983b88968, 'fernando.nevárez@gmail.com', NULL);

-- Insertando datos en la tabla Rol
insert into Rol
    (nombreRol)
values
    ('Administrador'),
    ('Squad Member');

-- Insertando datos en la tabla de Privilegios
insert into Privilegio
    (nombrePrivilegio, descripcionPrivilegio)
values
    ('GetTeamDashboard', 'Gets the data corresponding to the team data'),
    ('getAdminDashboard', 'Gets the data corresponding to the admin data'),
    ('addRole', 'Allows the admin to add roles to the employees'),
    ('removeRole', 'Allows the admin to remove the roles to the employees'),
    ('addEmployee', 'Allows the admin to add employees to the company'),
    ('removeEmployee', 'Allows the admin to remove employees from the company'),
    ('addSquad', 'Allows the admin to add squads to the company'),
    ('removeSquad', 'Allows the admin to remove squads from the company'),
    ('addProject', 'Allows the admin to add projects to the company'),
    ('removeProject', 'Allows the admin to remove projects from the company'),
    ('addTask', 'Allows the admin to add tasks to the company'),
    ('removeTask', 'Allows the admin to remove tasks from the company'),
    ('addSprint', 'Allows the admin to add sprints to the company'),
    ('removeSprint', 'Allows the admin to remove sprints from the company'),
    ('addUserStory', 'Allows the admin to add user stories to the company'),
    ('removeUserStory', 'Allows the admin to remove user stories from the company'),
    ('addTaskToSprint', 'Allows the admin to add tasks to the sprints'),
    ('removeTaskFromSprint', 'Allows the admin to remove tasks from the sprints'),
    ('addUserStoryToSprint', 'Allows the admin to add user stories to the sprints'),
    ('removeUserStoryFromSprint', 'Allows the admin to remove user stories from the sprints'),
    ('addTaskToUserStory', 'Allows the admin to add tasks to the user stories'),
    ('removeTaskFromUserStory', 'Allows the admin to remove tasks from the user stories'),
    ('addUserStoryToProject', 'Allows the admin to add user stories to the projects'),
    ('removeUserStoryFromProject', 'Allows the admin to remove user stories from the projects'),
    ('addSprintToProject', 'Allows the admin to add sprints to the projects'),
    ('removeSprintFromProject', 'Allows the admin to remove sprints from the projects'),
    ('addSquadToProject', 'Allows the admin to add squads to the projects'),
    ('removeSquadFromProject', 'Allows the admin to remove squads from the projects'),
    ('addEmployeeToSquad', 'Allows the admin to add employees to the squads'),
    ('removeEmployeeFromSquad', 'Allows the admin to remove employees from the squads'),
    ('addEmployeeToProject', 'Allows the admin to add employees to the projects'),
    ('removeEmployeeFrmProject', 'Allows the admin to remove employees from the projects');

-- Insertando datos en la tabla de Epica
insert into Epica
    (nombreEpica)
values
    ('Rovin en Mappa'),
    ('Nutrition Paraphernalia'),
    ('First Aid Kit'),
    ('Bedding Device');

-- Insertando datos en la tabla de Sprint
insert into Sprint
    (fechaCreacion, fechaFinalizacion, numeroSprint, idEpica)
values
    ('2021-03-22', '2021-04-05', 1, 1),
    ('2021-04-05', '2021-04-19', 2, 1),
    ('2021-04-19', '2021-05-03', 3, 1),
    ('2021-05-03', '2021-05-17', 4, 1),
    ('2021-05-17', '2021-05-31', 5, 1),
    ('2021-05-31', '2021-06-14', 6, 1),
    ('2021-06-14', '2021-06-28', 7, 1),
    ('2021-06-28', '2021-07-12', 8, 1),
    ('2021-07-12', '2021-07-26', 9, 1),
    ('2021-07-26', '2021-08-09', 10, 2),
    ('2021-08-09', '2021-08-23', 11, 2),
    ('2021-08-23', '2021-09-06', 12, 2),
    ('2021-09-06', '2021-09-20', 13, 2),
    ('2021-09-20', '2021-10-04', 14, 2),
    ('2021-10-04', '2021-10-18', 15, 2),
    ('2021-10-18', '2021-11-01', 16, 2),
    ('2021-11-01', '2021-11-15', 17, 3),
    ('2021-11-15', '2021-11-29', 18, 3),
    ('2021-11-29', '2021-12-13', 19, 3),
    ('2021-12-13', '2021-12-27', 20, 3),
    ('2021-12-27', '2022-01-10', 21, 3),
    ('2022-01-10', '2022-01-24', 22, 3),
    ('2022-01-24', '2022-02-07', 23, 3),
    ('2022-02-07', '2022-02-21', 24, 3),
    ('2022-02-21', '2022-03-07', 25, 3);

-- Insertando datos en la tabla de Issue
insert into Issue
    (nombreIssue, storyPoints, labelIssue, prioridadIssue, estadoIssue, fechaCreacion, fechaFinalizacion)
values
    ('Arreglar error en el sistema de pagos', 5,'Front', 'Alta', 'To Do', '2021-04-01 09:00:00', '2021-04-03 17:00:00'),
    ('Agregar soporte para notificaciones push', 8, 'Back','Alta', 'To Do', '2021-03-23 12:00:00', '2021-03-26 16:00:00'),
    ('Optimizar la velocidad de carga de la página de inicio', 5,'Front', 'Media', 'In Progress', '2021-03-30 14:00:00', '2021-04-02 18:00:00'),
    ('Implementar nuevas funciones en el panel de administración', 6, 'Back', 'Media', 'To Do', '2021-04-05 10:00:00', '2021-04-08 16:00:00'),
    ('Actualizar la interfaz de usuario', 7, 'Front', 'Media', 'In Progress', '2021-04-02 13:00:00', '2021-04-06 18:00:00'),
    ('Corregir errores en el proceso de registro', 4, 'Back', 'Baja', 'To Do', '2021-03-28 11:00:00', '2021-03-30 15:00:00'),
    ('Realizar pruebas de rendimiento en el servidor', 5, 'Back', 'Alta', 'To Do', '2021-04-02 09:00:00', '2021-04-05 13:00:00'),
    ('Desarrollar una API para integración con otros sistemas', 8, 'Back', 'Alta', 'In Progress', '2021-03-25 10:00:00', '2021-03-31 ,16:00:00'),
    ('Revisar la seguridad del sitio web', 6, 'Security', 'Alta', 'To Do', '2021-03-27 09:00:00', '2021-03-30 12:00:00'),
    ('Diseñar una nueva plantilla para correos electrónicos', 3, 'Front', 'Baja', 'To Do', '2021-03-23 14:00:00', '2021-03-25 18:00:00'),
    ('Crear un sistema de seguimiento de tareas', 5, 'Back', 'Media', 'In Progress', '2021-03-30 10:00:00', '2021-04-02 14:00:00'),
    ('Mejorar la integración con el servicio de pagos', 7, 'Back', 'Media', 'In Progress', '2021-04-04 12:00:00', '2021-04-07 16:00:00'),
    ('Rediseñar la página de perfil de usuario', 7, 'Front', 'Alta', 'To Do', '2021-03-24 10:00:00', '2021-03-29 18:00:00'),
    ('Agregar función de búsqueda avanzada', 6, 'Back', 'Media', 'In Progress', '2021-03-27 12:00:00', '2021-04-01 16:00:00'),
    ('Mejorar la seguridad del sistema de autenticación', 9, 'Back', 'Alta', 'To Do', '2021-03-22 08:00:00', '2021-03-25 14:00:00'),
    ('Implementar sistema de seguimiento de tareas', 4, 'Front', 'Baja', 'Done', '2021-03-29 13:00:00', '2021-03-30 17:00:00'),
    ('Revisar y actualizar la documentación de usuario', 3, 'Back', 'Baja', 'In Progress', '2021-03-28 10:00:00', '2021-03-31 16:00:00'),
    ('Crear sección de preguntas frecuentes en el sitio web', 2, 'Front', 'Media', 'To Do', '2021-03-23 09:00:00', '2021-03-26 18:00:00'),
    ('Agregar opción de pago con tarjeta de crédito', 5, 'Back', 'Media', 'Done', '2021-03-26 14:00:00', '2021-03-27 18:00:00');

-- Insertando datos en reporte
insert into reporte
    (fechaCreacion)
values
    ('2021-04-05'),
    ('2021-04-19'),
    ('2021-05-03'),
    ('2021-05-17'),
    ('2021-05-31'),
    ('2021-06-14'),
    ('2021-06-28'),
    ('2021-07-12'),
    ('2021-07-26'),
    ('2021-08-09'),
    ('2021-08-23'),
    ('2021-09-06'),
    ('2021-09-20'),
    ('2021-10-04'),
    ('2021-10-18'),
    ('2021-11-01'),
    ('2021-11-15'),
    ('2021-11-29'),
    ('2021-12-13'),
    ('2021-12-27'),
    ('2022-01-10'),
    ('2022-01-10'),
    ('2022-02-07'),
    ('2022-02-21'),
    ('2022-03-07');

-- Insertando datos en retroalimentacion
insert into Retroalimentacion
    (fechaCreacion, fechaFinalizacion, idSprint, idReporte)
values
    ('2021-01-01', '2021-01-02', 1, 1),
    ('2021-02-14', '2021-02-15', 2, 2),
    ('2021-03-17', '2021-03-18', 3, 3),
    ('2021-04-02', '2021-04-03', 4, 4),
    ('2021-05-05', '2021-05-06', 5, 5),
    ('2021-06-20', '2021-06-21', 6, 6),
    ('2021-07-04', '2021-07-05', 7, 7),
    ('2021-08-30', '2021-08-31', 8, 8),
    ('2021-09-15', '2021-09-16', 9, 9),
    ('2021-10-09', '2021-10-10', 10, 10),
    ('2021-11-01', '2021-11-02', 11, 11),
    ('2021-11-22', '2021-11-23', 12, 12),
    ('2021-12-01', '2021-12-02', 13, 13),
    ('2021-12-12', '2021-12-13', 14, 14),
    ('2021-12-31', '2022-01-01', 15, 15),
    ('2022-01-20', '2022-01-21', 16, 16),
    ('2022-02-14', '2022-02-15', 17, 17),
    ('2022-03-17', '2022-03-18', 18, 18),
    ('2022-04-02', '2022-04-03', 19, 19),
    ('2022-05-05', '2022-05-06', 20, 20);

-- Insertando datos en pregunta
insert into Pregunta
    (contenido, tipoPregunta)
values
    ('¿Cómo te sientes?', 'Cuantitativa'),
    ('¿Te sientes a gusto con tu desempeño este sprint?', 'Cuantitativa'),
    ('¿Consideras que la cantidad de issues asignadas en este sprint son las adecuadas?', 'Cuantitativa'),
    ('¿Que hicimos bien este sprint', 'Cualitativa'),
    ('¿Que hicimos mal que debemos hacer diferente?', 'Cualitativa'),
    ('¿Que nos causa ruido?', 'Cualitativa'),
    ('¿Que impedimiento tuvimos en este sprint?', 'Cualitativa'),
    ('¿Qué podemos mejorar?', 'Cualitativa');

-- Insertando en la relacion de Retroalimentacion Pregunta
INSERT INTO `retroalimentacionpregunta` (`idRetroalimentacion`, `idPregunta`, `required`) VALUES
(1, 1, 1),
(1, 2, 1),
(1, 3, 1),
(1, 4, 1),
(1, 5, 1),
(1, 6, 1),
(1, 7, 1),
(1, 8, 1),
(1, 9, 1),
(1, 10, 1),
(2, 1, 1),
(2, 2, 1),
(2, 3, 1),
(2, 4, 1),
(2, 5, 1),
(2, 6, 1),
(2, 7, 1),
(2, 8, 1),
(2, 9, 1),
(2, 10, 1),
(3, 1, 1),
(3, 2, 1),
(3, 3, 1),
(3, 4, 1),
(3, 5, 1),
(3, 6, 1),
(3, 7, 1),
(3, 8, 1),
(3, 9, 1),
(3, 10, 1),
(4, 1, 1),
(4, 2, 1),
(4, 3, 1),
(4, 4, 1),
(4, 5, 1),
(4, 6, 1),
(4, 7, 1),
(4, 8, 1),
(4, 9, 1),
(4, 10, 1),
(5, 1, 1),
(5, 2, 1),
(5, 3, 1),
(5, 4, 1),
(5, 5, 1),
(5, 6, 1),
(5, 7, 1),
(5, 8, 1),
(5, 9, 1),
(5, 10, 1);
    
-- Insertando datos en Cuantitativa
INSERT INTO Cuantitativa
    (contenido, idPregunta, idRetroalimentacion)
VALUES
-- ¿Cómo te sientes?
    (4, 1, 2),
    (2, 1, 3),
    (2, 1, 4),
    (5, 1, 4),
    (5, 1, 1),
    (3, 1, 2),
    (1, 1, 1),
    (4, 1, 2),
    (2, 1, 3),
    (2, 1, 2),
    (5, 1, 4),
    (5, 1, 1),
    (3, 1, 2),
    (1, 1, 1),
-- ¿Te sientes a gusto con tu desempeño este Sprint?
    (3, 2, 4),
    (2, 2, 2),
    (5, 2, 1),
    (4, 2, 4),
    (1, 2, 2),
    (3, 2, 3),
    (4, 2, 1),
    (3, 2, 4),
    (2, 2, 2),
    (5, 2, 1),
    (4, 2, 4),
    (1, 2, 2),
    (3, 2, 3),
    (4, 2, 1),
-- ¿Consideras que la cantidad de Issues asignadas en este Sprint son las adecuadas?
    (1, 3, 2),
    (2, 3, 3),
    (1, 3, 4),
    (4, 3, 2),
    (5, 3, 1),
    (5, 3, 1),
    (4, 3, 3),
    (1, 3, 2),
    (2, 3, 3),
    (1, 3, 4),
    (4, 3, 2),
    (5, 3, 1),
    (5, 3, 1),
    (4, 3, 3);

-- Insertando datos en Cualitativa
INSERT INTO Cualitativa 
    (contenido, idPregunta, idRetroalimentacion) 
VALUES
-- ¿Qué hicimos bien este Sprint?
    ('Mantener una comunicación constante entre todos los miembros del equipo.', 4, 1),
    ('Ayudamos todos entre todos', 4, 3),
    ('Logramos completar todas las tareas planificadas para este Sprint en el plazo previsto.', 4, 1),
    ('Hicimos un gran progreso en el desarrollo de nuevas características para el producto.', 4, 1),
    ('Realizamos pruebas exhaustivas en cada tarea y nos aseguramos de que todo funcionara correctamente.', 4, 3),
    ('Implementamos nuevas herramientas o tecnologías que nos permitieron mejorar la calidad o la eficiencia de nuestro trabajo.', 4, 2),
    ('Nos comunicamos de manera efectiva con el cliente o el equipo de dirección para obtener retroalimentación y asegurarnos de estar en el mismo camino.', 4, 2),
    ('Logramos solucionar problemas difíciles que surgieron durante el Sprint de manera eficiente y efectiva.', 4, 2),
    ('Hicimos un excelente trabajo en la documentación y el registro de nuestro trabajo para futuras referencias.', 4, 2),
    ('Conseguimos mejorar la calidad de nuestro código y reducir el número de errores.', 4, 2),
    ('Mantuvimos una buena gestión del tiempo y la productividad durante todo el Sprint.', 4, 2),
    ('Mejoramos la coordinación con otros equipos que dependen de nuestro trabajo.', 4, 3),
    ('Realizamos una excelente planificación y organización de nuestras tareas para garantizar la eficiencia del equipo.', 4, 3),
    ('Realizamos una buena revisión y mejora continua del trabajo realizado en este Sprint.', 4, 1),
-- ¿Qué hicimos mal que debemos hacer diferente?
    ('No esperar hasta el último momento donde se amontonan las cosas.', 5, 2),
    ('No comunicarnos adecuadamente.', 5, 2),
    ('No tomar suficiente tiempo para reflexionar.', 5, 2),
    ('No ser proactivos.', 5, 1),
    ('No escuchar a los demás.', 5, 2),
    ('No ser organizados.', 5, 1),
    ('No aprender de nuestros errores.', 5, 1),
    ('No establecer objetivos claros y medibles.', 5, 1),
    ('No ser perseverantes en nuestros esfuerzos.', 5, 3),
    ('No tener un plan de acción bien definido.', 5, 2),
    ('No delegar tareas de manera efectiva.', 5, 3),
    ('No tener en cuenta las opiniones de los clientes.', 5, 3),
    ('No ser flexibles ante cambios y nuevos desafíos.', 5, 3),
    ('No dar suficiente importancia al trabajo en equipo.', 5, 1),
-- ¿Qué nos causa ruido?
    ('Injusta distribución de trabajos', 6, 2),
    ('Interrupciones frecuentes en forma de llamadas telefónicas o correos electrónicos.', 6, 2),
    ('Problemas técnicos con la herramienta de trabajo utilizada.', 6, 1),
    ('La falta de claridad en los requisitos del proyecto.', 6, 1),
    ('Los cambios frecuentes en los requisitos del proyecto.', 6, 1),
    ('La falta de recursos para completar las tareas asignadas.', 6, 1),
    ('Las reuniones prolongadas que interrumpieron la productividad.', 6, 3),
    ('La falta de retroalimentación o comunicación efectiva del equipo de liderazgo.', 6, 3),
    ('Las distracciones en el entorno de trabajo, como ruido de fondo o ruido de construcción cercana.', 6, 3),
    ('Los problemas con el flujo de trabajo y la organización del equipo.', 6, 1),
    ('Las discrepancias en las expectativas del equipo y la gestión del proyecto.', 6, 2),
    ('Los problemas con el equipo, como fallas técnicas o conflictos interpersonales', 6, 2),
    ('La falta de habilidades o experiencia en el equipo para llevar a cabo algunas tareas.', 6, 2),
    ('Los cambios de prioridad frecuentes que dificultaron la planificación y el progreso del proyecto.', 6, 1),
-- ¿Qué impedimiento tuvimos en este Sprint?
    ('Un integrante del equipo estuvo muy perdido durante todo el Sprint.', 7, 1),
    ('Problemas con la infraestructura de la red', 7, 2),
    ('Interrupciones constantes en el trabajo', 7, 3),
    ('Retrasos en la entrega de las tareas asignadas', 7, 1),
    ('Falta de claridad en las expectativas del proyecto', 7, 1),
    ('Problemas de compatibilidad de software', 7, 2),
    ('Cambios frecuentes en los requisitos del proyecto', 7, 2),
    ('Ausencia de un líder de proyecto efectivo', 7, 2),
    ('Falta de recursos adecuados', 7, 3),
    ('Incapacidad para alcanzar los objetivos de calidad', 7, 3),
    ('Conflictos entre los miembros del equipo', 7, 3),
    ('Falta de motivación de los miembros del equipo', 7, 2),
    ('Falta de experiencia en el trabajo asignado', 7, 1),
    ('Problemas de gestión del tiempo', 7, 1),
-- ¿Qué podemos mejorar?
    ('Para que todos los miembros del equipo se sientan unidos entre todos, tendríamos que hacer una noche de Pizza', 8, 3),
    ('Establecer una reunión diaria para el equipo para discutir el progreso y cualquier problema que surja.', 8, 2),
    ('Proporcionar una capacitación adicional al equipo para desarrollar habilidades específicas que puedan mejorar la calidad del trabajo.', 8, 2),
    ('Celebrar los éxitos y los hitos alcanzados durante el Sprint para mantener al euqipo motivado y comprometido con el proyecto dando premios', 8, 1),
    ('Asignar un líder de equipo o un responsable de proyecto para asegurarse de que el trabajo se organice y se realice de manera efectiva', 8, 3),
    ('Tener sesiones para compartir nuestra experiencia para proporcionar apoyo emocional y profesional al equipo para manejar el estrés y las presiones del proyecto', 8, 1),
    ('Establecer un plan de contigencia para manejar cualquier imprevisto o contratiempo durante el Sprint', 8, 2),
    ('Asignar responsabilidades y tareas específicas a cada miembro del equipo para evitar duplicidad de esfuerzos', 8, 2),
    ('Asegurars ede que los miembros del equ9po estén capacitados en las herramientas y tecnologías necesarias para el proyecto', 8, 1),
    ('Promover una cultura de aprendizaje continuo, fomentando la capacitación y el desarrollo personal y profesional del equipo.', 8, 3),
    ('Evaluar y revisar el éxito del Sprint al final de una Épia para identificar áreas de mejora y aplicarlas en proyectos futuros', 8, 1),
    ('Revisar y mejorar los procesos de colaboración para fomentar la creatividad y la innovación en el equipo.', 8, 3),
    ('Tener sesiones de retroalimentación individual para revisar desempeño de cada uno', 8, 1),
    ('Para que todos puedan energía mientras que trabajamos, tener un Snack Bar en la oficina', 8, 1);

-- Insertando datos en Accionables
insert into Accionable
    (nombreAccionable, storyPoints, labelAccionable, prioridadAccionable, estadoAccionable, estadoIssue, fechaCreacion, fechaFinalizacion)
values
    ('Martes de Tacos', 2, 'Front', 'Baja', 'No aprobado', 'To Do', '2023-02-03 10:30:20', '2023-02-25 05:45:15'),
    ('Mantenimiento Página Web', 5, 'Back', 'Alta', 'Aprobado', 'In Progress', '2023-02-20 22:30:45', '2023-02-23 16:20:20'),
    ('Mantenimiento Base de Datos', 4, 'TC1000', 'Media-Alta', 'Aprobado', 'Done', '2023-01-21 15:40:10', '2023-02-22 07:50:30'),
    ('Actualización Productos', 3, 'Front', 'Media', 'No aprobado', 'To Do', '2023-03-10 21:20:10', '2023-03-05 20:55:35'),
    ('Venta Fin de Año', 7, 'Front', 'Alta', 'Aprobado', 'Done', '2022-12-15 09:32:19', '2022-12-31 08:24:10'),
    ('Buen Fin', 7, 'Back', 'Alta', 'Aprobado', 'Done', '2022-11-18 10:05:40', '2022-11-21 11:28:55'),
    ('Mantenimiento Servidores', 4, 'Back', 'Media-Baja', 'Aprobado', 'In Progress', '2023-03-05 15:10:20', '2023-03-07 23:45:20'),
    ('Agregar Easter Eggs', 2, 'TC1000', 'Alta', 'No aprobado', 'To Do', '2023-03-03 22:40:15', '2023-03-11 14:38:20'),
    ('Productos Luuna', 6, 'Front', 'Media-Alta', 'Aprobado', 'In Progress', '2023-03-06 10:10:25', '2023-03-12 06:07:21'),
    ('Productos Nooz', 4, 'TC1000', 'Media-Baja', 'Aprobado', 'Done', '2023-01-02 12:33:40', '2023-01-07 22:35:22'),
    ('Aplicación Móvil', 5, 'Back', 'Media', 'No aprobado', 'To Do', '2023-03-01 15:35:20', '2023-03-08 03:40:16'),
    ('Actualización de Cuentas', 3, 'Back', 'Media-Baja', 'Aprobado', 'In Progress', '2023-03-10 17:35:10', '2023-03-11 18:50:32'),
    ('Migración de Datos', 7, 'Front', 'Media', 'Aprobado', 'Done', '2023-02-27 10:44:04', '2023-03-01 18:08:19'),
    ('Promociones Especiales', 4, 'TC1000', 'Media-Baja', 'No aprobado', 'To Do', '2023-01-17 17:14:12', '2023-01-19 23:40:21'),
    ('Cambio Paleta de Colores', 1, 'Back', 'Baja', 'Aprobado', 'Done', '2023-02-01 16:10:53', '2023-02-04 02:08:48'),
    ('Compatibilidad Android', 3, 'Front', 'Alta', 'No aprobado', 'To Do', '2023-01-14 08:25:34', '2023-01-22 16:54:33'),
    ('Realidad Aumentada', 1, 'Front', 'Baja', 'Aprobado', 'In progress', '2023-02-09 05:06:07', '2023-02-11 07:03:17'),
    ('Datos de Envío', 3, 'Back', 'Alta', 'Aprobado', 'To Do', '2023-01-11 21:46:19', '2023-01-13 15:31:50'),
    ('Traducción a Portugués', 2, 'Front', 'Media-Baja', 'No aprobado', 'To Do', '2023-03-01 04:12:22', '2023-03-12 08:36:20'),
    ('Nuevos anuncios', 5, 'Front', 'Media', 'Aprobado', 'In progress', '2023-03-05 09:03:54', '2023-03-08 05:17:25');